{
    "name": "root",
    "metadata": {
        "timer_format_version": "0.1.0",
        "start_time_seconds": "1674572619",
        "python_version": "3.9.13 (main, Aug 25 2022, 23:51:50) [MSC v.1916 64 bit (AMD64)]",
        "command_line_arguments": "C:\\Users\\admin\\anaconda3\\Scripts\\mlagents-learn MLDriver.yaml --run-id=Training_8 --train",
        "mlagents_version": "0.29.0",
        "mlagents_envs_version": "0.29.0",
        "communication_protocol_version": "1.5.0",
        "pytorch_version": "1.13.1+cu117",
        "numpy_version": "1.21.2",
        "end_time_seconds": "1674578037"
    },
    "total": 5417.748330199999,
    "count": 1,
    "self": 0.010041299999102193,
    "children": {
        "run_training.setup": {
            "total": 0.15448969999999962,
            "count": 1,
            "self": 0.15448969999999962
        },
        "TrainerController.start_learning": {
            "total": 5417.5837992,
            "count": 1,
            "self": 2.7532617000379105,
            "children": {
                "TrainerController._reset_env": {
                    "total": 14.003538700000002,
                    "count": 1,
                    "self": 14.003538700000002
                },
                "TrainerController.advance": {
                    "total": 5400.666049199962,
                    "count": 118175,
                    "self": 1.2615816998941227,
                    "children": {
                        "env_step": {
                            "total": 5399.404467500068,
                            "count": 118175,
                            "self": 4911.699064700189,
                            "children": {
                                "SubprocessEnvManager._take_step": {
                                    "total": 485.53106589994536,
                                    "count": 118176,
                                    "self": 7.9815254999272724,
                                    "children": {
                                        "TorchPolicy.evaluate": {
                                            "total": 477.5495404000181,
                                            "count": 117218,
                                            "self": 178.1055211000501,
                                            "children": {
                                                "TorchPolicy.sample_actions": {
                                                    "total": 299.444019299968,
                                                    "count": 117218,
                                                    "self": 299.444019299968
                                                }
                                            }
                                        }
                                    }
                                },
                                "workers": {
                                    "total": 2.174336899932854,
                                    "count": 118174,
                                    "self": 0.0,
                                    "children": {
                                        "worker_root": {
                                            "total": 5262.597344000158,
                                            "count": 118174,
                                            "is_parallel": true,
                                            "self": 774.0995971001585,
                                            "children": {
                                                "steps_from_proto": {
                                                    "total": 0.04962369999999616,
                                                    "count": 2,
                                                    "is_parallel": true,
                                                    "self": 0.0013197999999938759,
                                                    "children": {
                                                        "_process_maybe_compressed_observation": {
                                                            "total": 0.04721239999999227,
                                                            "count": 4,
                                                            "is_parallel": true,
                                                            "self": 0.0005352999999921337,
                                                            "children": {
                                                                "_observation_to_np_array": {
                                                                    "total": 0.04667710000000014,
                                                                    "count": 13,
                                                                    "is_parallel": true,
                                                                    "self": 0.00022750000001714454,
                                                                    "children": {
                                                                        "process_pixels": {
                                                                            "total": 0.04644959999998299,
                                                                            "count": 13,
                                                                            "is_parallel": true,
                                                                            "self": 0.008334999999914494,
                                                                            "children": {
                                                                                "image_decompress": {
                                                                                    "total": 0.0381146000000685,
                                                                                    "count": 52,
                                                                                    "is_parallel": true,
                                                                                    "self": 0.0381146000000685
                                                                                }
                                                                            }
                                                                        }
                                                                    }
                                                                }
                                                            }
                                                        },
                                                        "_process_rank_one_or_two_observation": {
                                                            "total": 0.001091500000010015,
                                                            "count": 4,
                                                            "is_parallel": true,
                                                            "self": 0.001091500000010015
                                                        }
                                                    }
                                                },
                                                "UnityEnvironment.step": {
                                                    "total": 4488.4481232,
                                                    "count": 118174,
                                                    "is_parallel": true,
                                                    "self": 16.845228499978475,
                                                    "children": {
                                                        "UnityEnvironment._generate_step_input": {
                                                            "total": 20.673095599974154,
                                                            "count": 118174,
                                                            "is_parallel": true,