{"count":1,"self":6014.7658752,"total":20224.7357298,"children":{"InitializeActuators":{"count":12,"self":0.0019946,"total":0.0019946,"children":null},"InitializeSensors":{"count":12,"self":0.0289228,"total":0.0289228,"children":null},"AgentSendState":{"count":1246134,"self":6302.9706751999993,"total":7043.5111106999993,"children":{"CollectObservations":{"count":4984536,"self":27.8226336,"total":27.8226323,"children":null},"WriteActionMask":{"count":4984536,"self":10.7421408,"total":10.742141,"children":null},"RequestDecision":{"count":4984536,"self":46.3371968,"total":701.9754732,"children":{"AgentInfo.ToProto":{"count":4984536,"self":41.635391999999996,"total":655.63827629999992,"children":{"GenerateSensorData":{"count":4984536,"self":614.00289279999993,"total":614.0028839,"children":null}}}}}}},"DecideAction":{"count":1246134,"self":7109.0888704,"total":7109.0891235,"children":null},"AgentAct":{"count":1246134,"self":56.735519999999994,"total":57.3208208,"children":{"AgentInfo.ToProto":{"count":3584,"self":0.0354028,"total":0.58529829999999994,"children":{"GenerateSensorData":{"count":3584,"self":0.5498955,"total":0.5498955,"children":null}}}}},"AgentInfo.ToProto":{"count":91,"self":0.000997,"total":0.016953299999999998,"children":{"GenerateSensorData":{"count":91,"self":0.0159563,"total":0.0159563,"children":null}}}},"gauges":{"MLDriver.CumulativeReward":{"count":3675,"max":65.0031738,"min":-10.9837675,"runningAverage":43.9973335,"value":57.6028862,"weightedAverage":50.0308723}},"metadata":{"timer_format_version":"0.1.0","start_time_seconds":"1674578106","unity_version":"2021.3.16f1","command_line_arguments":"C:\\Program Files\\Unity\\Hub\\Editor\\2021.3.16f1\\Editor\\Unity.exe","communication_protocol_version":"1.5.0","com.unity.ml-agents_version":"2.3.0-exp.3","scene_name":"TrainRoad_3","end_time_seconds":"1674598330"}}