{"count":1,"self":41.9268448,"total":210.737869,"children":{"InitializeActuators":{"count":25,"self":0.0029909999999999997,"total":0.0029909999999999997,"children":null},"InitializeSensors":{"count":25,"self":0.021941199999999998,"total":0.021941199999999998,"children":null},"AgentSendState":{"count":6851,"self":74.96062719999999,"total":83.157277999999991,"children":{"CollectObservations":{"count":57100,"self":0.455434,"total":0.455434,"children":null},"WriteActionMask":{"count":57100,"self":0.1695507,"total":0.1695507,"children":null},"RequestDecision":{"count":57100,"self":0.6313054,"total":7.5716632,"children":{"AgentInfo.ToProto":{"count":57100,"self":0.5512746,"total":6.9403577999999992,"children":{"GenerateSensorData":{"count":57100,"self":6.3890832,"total":6.3890832,"children":null}}}}}}},"DecideAction":{"count":6851,"self":81.4051712,"total":81.4051712,"children":null},"AgentAct":{"count":6851,"self":4.2131656,"total":4.2211400999999995,"children":{"AgentInfo.ToProto":{"count":50,"self":0,"total":0.007974499999999999,"children":{"GenerateSensorData":{"count":50,"self":0.007974499999999999,"total":0.007974499999999999,"children":null}}}}},"AgentInfo.ToProto":{"count":4,"self":0,"total":0.0015057,"children":{"GenerateSensorData":{"count":4,"self":0.0015057,"total":0.0015057,"children":null}}}},"gauges":{"MLDriver.CumulativeReward":{"count":54,"max":112.404922,"min":-10.0435143,"runningAverage":44.33777,"value":-10.0435143,"weightedAverage":7.341008}},"metadata":{"timer_format_version":"0.1.0","start_time_seconds":"1675037750","unity_version":"2021.3.16f1","command_line_arguments":"C:\\Program Files\\Unity\\Hub\\Editor\\2021.3.16f1\\Editor\\Unity.exe","communication_protocol_version":"1.5.0","com.unity.ml-agents_version":"2.3.0-exp.3","scene_name":"TrainScene_4","end_time_seconds":"1675037961"}}