{
    "name": "root",
    "metadata": {
        "timer_format_version": "0.1.0",
        "start_time_seconds": "1675019422",
        "python_version": "3.9.13 (main, Aug 25 2022, 23:51:50) [MSC v.1916 64 bit (AMD64)]",
        "command_line_arguments": "C:\\Users\\admin\\anaconda3\\Scripts\\mlagents-learn MLDriver.yaml --run-id=TeamTrain_2 --train --force",
        "mlagents_version": "0.29.0",
        "mlagents_envs_version": "0.29.0",
        "communication_protocol_version": "1.5.0",
        "pytorch_version": "1.13.1+cu117",
        "numpy_version": "1.21.2",
        "end_time_seconds": "1675020883"
    },
    "total": 1461.0383699000001,
    "count": 1,
    "self": 0.009309000000257583,
    "children": {
        "run_training.setup": {
            "total": 0.15894419999999965,
            "count": 1,
            "self": 0.15894419999999965
        },
        "TrainerController.start_learning": {
            "total": 1460.8701167,
            "count": 1,
            "self": 0.48881060001031074,
            "children": {
                "TrainerController._reset_env": {
                    "total": 15.513318599999998,
                    "count": 1,
                    "self": 15.513318599999998
                },
                "TrainerController.advance": {
                    "total": 1444.6134638999895,
                    "count": 20837,
                    "self": 0.23790539997457927,
                    "children": {
                        "env_step": {
                            "total": 1444.375558500015,
                            "count": 20837,
                            "self": 1349.9549914000106,
                            "children": {
                                "SubprocessEnvManager._take_step": {
                                    "total": 94.06939860001076,
                                    "count": 20838,
                                    "self": 1.6710721000113864,
                                    "children": {
                                        "TorchPolicy.evaluate": {
                                            "total": 92.39832649999937,
                                            "count": 20585,
                                            "self": 35.33659709999129,
                                            "children": {
                                                "TorchPolicy.sample_actions": {
                                                    "total": 57.06172940000808,
                                                    "count": 20585,
                                                    "self": 57.06172940000808
                                                }
                                            }
                                        }
                                    }
                                },
                                "workers": {
                                    "total": 0.35116849999352695,
                                    "count": 20836,
                                    "self": 0.0,
                                    "children": {
                                        "worker_root": {
                                            "total": 1314.970856700007,
                                            "count": 20836,
                                            "is_parallel": true,
                                            "self": 180.17768600000227,
                                            "children": {
                                                "steps_from_proto": {
                                                    "total": 0.052731800000000106,
                                                    "count": 2,
                                                    "is_parallel": true,
                                                    "self": 0.000485299999995803,
                                                    "children": {
                                                        "_process_maybe_compressed_observation": {
                                                            "total": 0.051928100000001365,
                                                            "count": 4,
                                                            "is_parallel": true,
                                                            "self": 0.00111850000001823,
                                                            "children": {
                                                                "_observation_to_np_array": {
                                                                    "total": 0.050809599999983135,
                                                                    "count": 40,
                                                                    "is_parallel": true,
                                                                    "self": 0.0006964999999556909,
                                                                    "children": {
                                                                        "process_pixels": {
                                                                            "total": 0.050113100000027444,
                                                                            "count": 40,
                                                                            "is_parallel": true,
                                                                            "self": 0.017877800000052346,
                                                                            "children": {
                                                                                "image_decompress": {
                                                                                    "total": 0.0322352999999751,
                                                                                    "count": 160,
                                                                                    "is_parallel": true,
                                                                                    "self": 0.0322352999999751
                                                                                }
                                                                            }
                                                                        }
                                                                    }
                                                                }
                                                            }
                                                        },
                                                        "_process_rank_one_or_two_observation": {
                                                            "total": 0.00031840000000293855,
                                                            "count": 4,
                                                            "is_parallel": true,
                                                            "self": 0.00031840000000293855
                                                        }
                                                    }
                                                },
                                                "UnityEnvironment.step": {
                                                    "total": 1134.7404389000048,
                                                    "count": 20836,
                                                    "is_parallel": true,
                                                    "self": 4.027616600001693,
                                                    "children": {
                                                        "UnityEnvironment._generate_step_input": {
                                                            "total": 5.157761699999268,
                                                            "count": 20836,
                                                            "is_parallel": true,