{
    "name": "root",
    "gauges": {
        "MLDriver.Policy.Entropy.mean": {
            "value": 1.4128891229629517,
            "min": 1.4128891229629517,
            "max": 1.4285212755203247,
            "count": 26
        },
        "MLDriver.Policy.Entropy.sum": {
            "value": 14106.28515625,
            "min": 11703.556640625,
            "max": 14664.77734375,
            "count": 26
        },
        "MLDriver.Step.mean": {
            "value": 259918.0,
            "min": 9984.0,
            "max": 259918.0,
            "count": 26
        },
        "MLDriver.Step.sum": {
            "value": 259918.0,
            "min": 9984.0,
            "max": 259918.0,
            "count": 26
        },
        "MLDriver.Policy.ExtrinsicValueEstimate.mean": {
            "value": -0.1801016479730606,
            "min": -0.47615334391593933,
            "max": -0.004637036472558975,
            "count": 26
        },
        "MLDriver.Policy.ExtrinsicValueEstimate.sum": {
            "value": -14.588233947753906,
            "min": -37.13996124267578,
            "max": -0.36632588505744934,
            "count": 26
        },
        "MLDriver.Losses.PolicyLoss.mean": {
            "value": 0.33503619493110853,
            "min": 0.2764767181544694,
            "max": 0.5237669751319725,
            "count": 26
        },
        "MLDriver.Losses.PolicyLoss.sum": {
            "value": 1.6751809746555426,
            "min": 0.8180490390974835,
            "max": 2.6097668315185545,
            "count": 26
        },
        "MLDriver.Losses.ValueLoss.mean": {
            "value": 0.4007801861561454,
            "min": 9.993704170851208e-05,
            "max": 0.4007801861561454,
            "count": 26
        },
        "MLDriver.Losses.ValueLoss.sum": {
            "value": 2.003900930780727,
            "min": 0.0002135779719729669,
            "max": 2.003900930780727,
            "count": 26
        },
        "MLDriver.Policy.LearningRate.mean": {
            "value": 0.00022365806544732,
            "min": 0.00022365806544732,
            "max": 0.0002981568006144,
            "count": 26
        },
        "MLDriver.Policy.LearningRate.sum": {
            "value": 0.0011182903272365999,
            "min": 0.0005433984188672,
            "max": 0.0012969825676724998,
            "count": 26
        },
        "MLDriver.Policy.Epsilon.mean": {
            "value": 0.17455268000000002,
            "min": 0.17455268000000002,
            "max": 0.1993856,
            "count": 26
        },
        "MLDriver.Policy.Epsilon.sum": {
            "value": 0.8727634000000001,
            "min": 0.3811328,
            "max": 0.9323275,
            "count": 26
        },
        "MLDriver.Policy.Beta.mean": {
            "value": 0.0007480715319999999,
            "min": 0.0007480715319999999,
            "max": 0.0009939174400000002,
            "count": 26
        },
        "MLDriver.Policy.Beta.sum": {
            "value": 0.0037403576599999997,
            "min": 0.0018132147199999998,
            "max": 0.00433004225,
            "count": 26
        },
        "MLDriver.IsTraining.mean": {
            "value": 1.0,
            "min": 1.0,
            "max": 1.0,
            "count": 26
        },
        "MLDriver.IsTraining.sum": {
            "value": 1.0,
            "min": 1.0,
            "max": 1.0,
            "count": 26
        },
        "MLDriver.Environment.EpisodeLength.mean": {
            "value": 1293.2,
            "min": 774.0,
            "max": 1666.0,
            "count": 18
        },
        "MLDriver.Environment.EpisodeLength.sum": {
            "value": 6466.0,
            "min": 774.0,
            "max": 26656.0,
            "count": 18
        },
        "MLDriver.Environment.CumulativeReward.mean": {
            "value": -4.376359709538519,
            "min": -4.376359709538519,
            "max": 0.31250040570739657,
            "count": 19
        },
        "MLDriver.Environment.CumulativeReward.sum": {
            "value": -21.881798547692597,
            "min": -21.881798547692597,
            "max": 5.000006491318345,
            "count": 19
        },
        "MLDriver.Policy.ExtrinsicReward.mean": {
            "value": -4.376359709538519,
            "min": -4.376359709538519,
            "max": 0.31250040570739657,
            "count": 19
        },
        "MLDriver.Policy.ExtrinsicReward.sum": {
            "value": -21.881798547692597,
            "min": -21.881798547692597,
            "max": 5.000006491318345,
            "count": 19
        }
    },
    "metadata": {
        "timer_format_version": "0.1.0",
        "start_time_seconds": "1674348483",
        "python_version": "3.9.13 (main, Aug 25 2022, 23:51:50) [MSC v.1916 64 bit (AMD64)]",
        "command_line_arguments": "C:\\Users\\admin\\anaconda3\\Scripts\\mlagents-learn MLDriver.yaml --run-id=Run_8 --train --force",
        "mlagents_version": "0.29.0",
        "mlagents_envs_version": "0.29.0",
        "communication_protocol_version": "1.5.0",
        "pytorch_version": "1.13.1+cu117",
        "numpy_version": "1.21.2",
        "end_time_seconds": "1674349232"
    },
    "total": 749.2823890999999,
    "count": 1,
    "self": 0.021329499999978907,
    "children": {
        "run_training.setup": {
            "total": 0.1446265000000002,
            "count": 1,
            "self": 0.1446265000000002
        },
        "TrainerController.start_learning": {
            "total": 749.1164331,
            "count": 1,
            "self": 0.3179772000056573,
            "children": {
                "TrainerController._reset_env": {
                    "total": 10.6299833,
                    "count": 1,
                    "self": 10.6299833
                },
                "TrainerController.advance": {
                    "total": 737.8854140999944,
                    "count": 16451,
                    "self": 0.3173482999955013,
                    "children": {
                        "env_step": {
                            "total": 487.9550570999963,
                            "count": 16451,
                            "self": 446.82822449999514,
                            "children": {
                                "SubprocessEnvManager._take_step": {
                                    "total": 40.92810770000122,
                                    "count": 16451,
                                    "self": 1.6450650000021767,
                                    "children": {
                                        "TorchPolicy.evaluate": {
                                            "total": 39.283042699999044,
                                            "count": 16423,
                                            "self": 21.105274599998413,
                                            "children": {
                                                "TorchPolicy.sample_actions": {
                                                    "total": 18.17776810000063,
                                                    "count": 16423,
                                                    "self": 18.17776810000063
                                                }
                                            }
                                        }
                                    }
                                },
                                "workers": {
                                    "total": 0.19872489999990783,
                                    "count": 16450,
                                    "self": 0.0,
                                    "children": {
                                        "worker_root": {
                                            "total": 738.3825739999977,
                                            "count": 16450,
                                            "is_parallel": true,
                                            "self": 316.71293489999476,